driver_id,code,permanent_number,given_name,family_name,full_name,date_of_birth,nationality
aitken,AIT,89.0,Jack,Aitken,Jack Aitken,1995-09-23,British
albon,ALB,23.0,Alexander,Albon,Alexander Albon,1996-03-23,Thai
alonso,ALO,14.0,Fernando,Alonso,Fernando Alonso,1981-07-29,Spanish
antonelli,ANT,12.0,Andrea Kimi,Antonelli,Andrea Kimi Antonelli,2006-08-25,Italian
paul_aron,,,Paul,Aron,Paul Aron,,
bearman,BEA,87.0,Oliver,Bearman,Oliver Bearman,2005-05-08,British
dino_beganovic,,,Dino,Beganovic,Dino Beganovic,,
bortoleto,BOR,5.0,Gabriel,Bortoleto,Gabriel Bortoleto,2004-10-14,Brazilian
bottas,BOT,77.0,Valtteri,Bottas,Valtteri Bottas,1989-08-28,Finnish
luke_browning,,,Luke,Browning,Luke Browning,,
button,BUT,22.0,Jenson,Button,Jenson Button,1980-01-19,British
colapinto,COL,43.0,Franco,Colapinto,Franco Colapinto,2003-05-27,Argentine
jak_crawford,,,Jak,Crawford,Jak Crawford,,
doohan,DOO,7.0,Jack,Doohan,Jack Doohan,2003-01-20,Australian
felipe_drugovich,,,Felipe,Drugovich,Felipe Drugovich,,
alexander_dunne,,,Alexander,Dunne,Alexander Dunne,,
ericsson,ERI,9.0,Marcus,Ericsson,Marcus Ericsson,1990-09-02,Swedish
pietro_fittipaldi,FIT,51.0,Pietro,Fittipaldi,Pietro Fittipaldi,1996-06-25,Brazilian
antonio_fuoco,,,Antonio,Fuoco,Antonio Fuoco,,
gasly,GAS,10.0,Pierre,Gasly,Pierre Gasly,1996-02-07,French
giovinazzi,GIO,99.0,Antonio,Giovinazzi,Antonio Giovinazzi,1993-12-14,Italian
grosjean,GRO,8.0,Romain,Grosjean,Romain Grosjean,1986-04-17,French
gutierrez,GUT,21.0,Esteban,Gutiérrez,Esteban Gutiérrez,1991-08-05,Mexican
hadjar,HAD,6.0,Isack,Hadjar,Isack Hadjar,2004-09-28,French
hamilton,HAM,44.0,Lewis,Hamilton,Lewis Hamilton,1985-01-07,British
brendon_hartley,HAR,28.0,Brendon,Hartley,Brendon Hartley,1989-11-10,New Zealander
haryanto,HAR,88.0,Rio,Haryanto,Rio Haryanto,1993-01-22,Indonesian
ryo_hirakawa,,,Ryo,Hirakawa,Ryo Hirakawa,,
hulkenberg,HUL,27.0,Nico,Hülkenberg,Nico Hülkenberg,1987-08-19,German
ayumu_iwasa,,,Ayumu,Iwasa,Ayumu Iwasa,,
kubica,KUB,88.0,Robert,Kubica,Robert Kubica,1984-12-07,Polish
kvyat,KVY,26.0,Daniil,Kvyat,Daniil Kvyat,1994-04-26,Russian
latifi,LAT,6.0,Nicholas,Latifi,Nicholas Latifi,1995-06-29,Canadian
lawson,LAW,30.0,Liam,Lawson,Liam Lawson,2002-02-11,New Zealander
arthur_leclerc,,,Arthur,Leclerc,Arthur Leclerc,,
leclerc,LEC,16.0,Charles,Leclerc,Charles Leclerc,1997-10-16,Monegasque
arvid_lindblad,LIN,41.0,Arvid,Lindblad,Arvid Lindblad,2007-08-08,British
kevin_magnussen,MAG,20.0,Kevin,Magnussen,Kevin Magnussen,1992-10-05,Danish
maldonado,MAL,13.0,Pastor,Maldonado,Pastor Maldonado,1985-03-09,Venezuelan
victor_martins,,,Victor,Martins,Victor Martins,,
massa,MAS,19.0,Felipe,Massa,Felipe Massa,1981-04-25,Brazilian
mazepin,MAZ,9.0,Nikita,Mazepin,Nikita Mazepin,1999-03-02,Russian
merhi,MER,98.0,Roberto,Merhi,Roberto Merhi,1991-03-22,Spanish
nasr,NAS,12.0,Felipe,Nasr,Felipe Nasr,1992-08-21,Brazilian
norris,NOR,1.0,Lando,Norris,Lando Norris,1999-11-13,British
patricio_o_ward,,,Patricio,O'Ward,Patricio O'Ward,,
ocon,OCO,31.0,Esteban,Ocon,Esteban Ocon,1996-09-17,French
jolyon_palmer,PAL,30.0,Jolyon,Palmer,Jolyon Palmer,1991-01-20,British
piastri,PIA,81.0,Oscar,Piastri,Oscar Piastri,2001-04-06,Australian
perez,PER,11.0,Sergio,Pérez,Sergio Pérez,1990-01-26,Mexican
ricciardo,RIC,3.0,Daniel,Ricciardo,Daniel Ricciardo,1989-07-01,Australian
rosberg,ROS,6.0,Nico,Rosberg,Nico Rosberg,1985-06-27,German
rossi,RSS,53.0,Alexander,Rossi,Alexander Rossi,1991-09-25,American
russell,RUS,63.0,George,Russell,George Russell,1998-02-15,British
raikkonen,RAI,7.0,Kimi,Räikkönen,Kimi Räikkönen,1979-10-17,Finnish
sainz,SAI,55.0,Carlos,Sainz,Carlos Sainz,1994-09-01,Spanish
sargeant,SAR,2.0,Logan,Sargeant,Logan Sargeant,2000-12-31,American
mick_schumacher,MSC,47.0,Mick,Schumacher,Mick Schumacher,1999-03-22,German
cian_shields,,,Cian,Shields,Cian Shields,,
sirotkin,SIR,35.0,Sergey,Sirotkin,Sergey Sirotkin,1995-08-27,Russian
stevens,STE,28.0,Will,Stevens,Will Stevens,1991-06-28,British
stroll,STR,18.0,Lance,Stroll,Lance Stroll,1998-10-29,Canadian
tsunoda,TSU,22.0,Yuki,Tsunoda,Yuki Tsunoda,2000-05-11,Japanese
vandoorne,VAN,2.0,Stoffel,Vandoorne,Stoffel Vandoorne,1992-03-26,Belgian
max_verstappen,VER,3.0,Max,Verstappen,Max Verstappen,1997-09-30,Dutch
frederik_vesti,,,Frederik,Vesti,Frederik Vesti,,
vettel,VET,5.0,Sebastian,Vettel,Sebastian Vettel,1987-07-03,German
wehrlein,WEH,94.0,Pascal,Wehrlein,Pascal Wehrlein,1994-10-18,German
zhou,ZHO,24.0,Guanyu,Zhou,Guanyu Zhou,1999-05-30,Chinese
de_vries,DEV,21.0,Nyck,de Vries,Nyck de Vries,1995-02-06,Dutch
resta,DIR,40.0,Paul,di Resta,Paul di Resta,1986-04-16,British
